Workbook

Sheet 追踪总表
A1: 项目问题追踪总表
A2: 序号 | B2: 问题/任务名称 | C2: 详细描述 | D2: 类别 | E2: 优先级 | F2: 责任人 | G2: 计划完成日期 | H2: 实际完成日期 | I2: 状态 | J2: 进度(%) | K2: 改善措施/解决方案 | L2: 备注
A3: 1 | B3: 设备运行异常报警 | C3: 产线设备A运行中频繁出现温度报警，影响生产效率 | D3: 设备 | E3: 高 | F3: 张三 | G3: 46244 | I3: 进行中 | J3: 50 | K3: 已更换温度传感器，持续观察运行状态 | L3: 需重点关注温度变化趋势
A4: 2 | B4: 质量检测误判率偏高 | C4: 视觉检测系统对良品误判率超过5%，导致过度抛料 | D4: 质量 | E4: 高 | F4: 王五 | G4: 46242 | H4: 46239 | I4: 已完成 | J4: 100 | K4: 优化视觉检测算法参数，误判率降至1%以下
A5: 3 | B5: 上料流程优化 | C5: 当前上料流程步骤过多，需精简以提高效率 | D5: 流程 | E5: 中 | F5: 李四 | G5: 46254 | I5: 未开始 | J5: 0 | L5: 待前期任务完成后启动

Sheet 统计看板
A1: 项目追踪统计看板
A3: 项目名称： | D3: 项目负责人：
A4: 统计日期： | B4: =TODAY() -> 46238 | D4: 数据来源： | E4: 追踪总表
A6: 关键指标
A7: 总任务数 | B7: 已完成 | C7: 进行中 | D7: 未开始 | E7: 已延期 | F7: 完成率
A8: =COUNTA(追踪总表!B3:B52) -> 3 | B8: =COUNTIF(追踪总表!I3:I52,"已完成") -> 1 | C8: =COUNTIF(追踪总表!I3:I52,"进行中") -> 1 | D8: =COUNTIF(追踪总表!I3:I52,"未开始") -> 1 | E8: =COUNTIF(追踪总表!I3:I52,"已延期") -> 0 | F8: =IF(A8=0,0,B8/A8) -> 0.33333333
A10: 状态分布 | D10: 优先级分布
A11: 状态 | B11: 数量 | C11: 占比 | D11: 优先级 | E11: 数量 | F11: 占比
A12: 未开始 | B12: =COUNTIF(追踪总表!I3:I52,"未开始") -> 1 | C12: =IF($A$8=0,0,B12/$A$8) -> 0.33333333 | D12: 高 | E12: =COUNTIF(追踪总表!E3:E52,"高") -> 2 | F12: =IF($A$8=0,0,E12/$A$8) -> 0.66666667
A13: 进行中 | B13: =COUNTIF(追踪总表!I3:I52,"进行中") -> 1 | C13: =IF($A$8=0,0,B13/$A$8) -> 0.33333333 | D13: 中 | E13: =COUNTIF(追踪总表!E3:E52,"中") -> 1 | F13: =IF($A$8=0,0,E13/$A$8) -> 0.33333333
A14: 已完成 | B14: =COUNTIF(追踪总表!I3:I52,"已完成") -> 1 | C14: =IF($A$8=0,0,B14/$A$8) -> 0.33333333 | D14: 低 | E14: =COUNTIF(追踪总表!E3:E52,"低") -> 0 | F14: =IF($A$8=0,0,E14/$A$8) -> 0
A15: 已延期 | B15: =COUNTIF(追踪总表!I3:I52,"已延期") -> 0 | C15: =IF($A$8=0,0,B15/$A$8) -> 0
A16: 合计 | B16: =SUM(B12:B15) -> 3 | C16: =IF($A$8=0,0,B16/$A$8) -> 1 | D16: 合计 | E16: =SUM(E12:E14) -> 3 | F16: =IF($A$8=0,0,E16/$A$8) -> 1
A18: 类别分布
A19: 类别 | B19: 数量 | C19: 占比
A20: 设备 | B20: =COUNTIF(追踪总表!D3:D52,"设备") -> 1 | C20: =IF($A$8=0,0,B20/$A$8) -> 0.33333333
A21: 质量 | B21: =COUNTIF(追踪总表!D3:D52,"质量") -> 1 | C21: =IF($A$8=0,0,B21/$A$8) -> 0.33333333
A22: 流程 | B22: =COUNTIF(追踪总表!D3:D52,"流程") -> 1 | C22: =IF($A$8=0,0,B22/$A$8) -> 0.33333333
A23: 安全 | B23: =COUNTIF(追踪总表!D3:D52,"安全") -> 0 | C23: =IF($A$8=0,0,B23/$A$8) -> 0
A24: 其他 | B24: =COUNTIF(追踪总表!D3:D52,"其他") -> 0 | C24: =IF($A$8=0,0,B24/$A$8) -> 0
A25: 合计 | B25: =SUM(B20:B24) -> 3 | C25: =IF($A$8=0,0,B25/$A$8) -> 1

Sheet 使用说明
A1: 使用说明
A3: 一、字段说明
A4: 列名 | B4: 说明 | C4: 填写要求
A5: 序号 | B5: 任务编号 | C5: 按顺序填写，如1、2、3
A6: 问题/任务名称 | B6: 问题或任务的简要标题 | C6: 必填，简洁明了，一句话概括
A7: 详细描述 | B7: 问题现象、影响范围等 | C7: 详细描述问题背景和具体表现
A8: 类别 | B8: 问题分类 | C8: 下拉选择：设备/质量/流程/安全/其他
A9: 优先级 | B9: 处理紧急程度 | C9: 下拉选择：高/中/低
A10: 责任人 | B10: 负责跟进解决的人员 | C10: 填写责任人姓名
A11: 计划完成日期 | B11: 预期完成时间 | C11: 日期格式，如2026-08-10
A12: 实际完成日期 | B12: 实际完成时间 | C12: 任务完成后填写
A13: 状态 | B13: 当前处理状态 | C13: 下拉选择：未开始/进行中/已完成/已延期
A14: 进度(%) | B14: 任务完成百分比 | C14: 填写0-100的整数
A15: 改善措施/解决方案 | B15: 已采取或计划采取的措施 | C15: 详细描述解决方案和改善行动
A16: 备注 | B16: 其他补充信息 | C16: 填写需要注意或说明的事项
A18: 二、状态定义
A19: 未开始 | B19: 问题已登记，尚未开始处理
A20: 进行中 | B20: 正在处理中，已有初步行动
A21: 已完成 | B21: 问题已解决，任务已关闭
A22: 已延期 | B22: 超过计划完成日期仍未完成
A24: 三、优先级定义
A25: 高 | B25: 紧急且重要，需立即处理
A26: 中 | B26: 重要但不紧急，按计划处理
A27: 低 | B27: 影响较小，可在空闲时处理
A29: 四、类别说明
A30: 设备 | B30: 设备故障、维护、升级等相关问题
A31: 质量 | B31: 产品质量、检测、不良率等相关问题
A32: 流程 | B32: 工艺流程、作业标准、效率优化等相关问题
A33: 安全 | B33: 安全隐患、安全规范等相关问题
A34: 其他 | B34: 不属于以上类别的问题
A36: 五、使用提示
A37: 1. 「追踪总表」为数据录入主表，「统计看板」自动汇总数据，「使用说明」供参考。
A38: 2. 类别、优先级、状态列已设置下拉菜单，请从列表中选择。
A39: 3. 新增任务时，直接在表格末尾添加数据即可，统计看板会自动更新。
A40: 4. 建议定期更新进度状态，确保追踪信息的及时性。
A41: 5. 状态为「已完成」时，进度应填写100，并填写实际完成日期。
